{
  "email": "flobimb@gmail.com",
  "profil": [
    {
      "nom": "Floriane",
      "prenom": "Bimbert",
      "sexe": "Femme",
      "dateNaissance": "1998-09-24T22:00:00.000Z",
      "profession": "designer",
      "telephone": "06 05 32 94 37",
      "photoProfil": ""
    }
  ],
  "mensurationProfil": [
    {
      "taille": "162",
      "poids": "73"
    }
  ],
  "hygieneVie": [
    {
      "sommeil": "7 heures",
      "sortiealcool": "3 fois",
      "tabac": "Pas du tout",
      "stress": "7"
    }
  ],
  "objectifs": [
    {
      "objectif": "perte de poids",
      "delais": "1 à 3 mois",
      "motivation": "pour te sentir mieux et en forme.",
      "obstacle": "Les sorties et sucré salé / copain qui mange mal (tentation) ",
      "disponibilite": "3 heures",
      "momentTraining": "Le midi"
    }
  ],
  "medical": [
    {
      "problemeSante": "non",
      "cardiaque": "non",
      "blessure": "Tendinite main droite ",
      "traitement": "fer et magnesium",
      "allergies": "non"
    }
  ],
  "physio": [
    {
      "frequenceAuRepos": "je sais pas",
      "vo2max": "je sais pas ",
      "retardMusculaire": "non",
      "mobilite": "modéré",
      "massegr": "je sais pas",
      "massema": "je sais pas"
    }
  ],
  "nutrition": [
    {
      "habitude": "Un peu équilibré",
      "nbrrepas": "3 repas",
      "hydratation": "2 Litres",
      "intolerenceregime": "non",
      "rapportnourriture": "apero tentation "
    }
  ],
  "activite": [
    {
      "nbrseance": "3 séance",
      "type": "Musculation",
      "duree": "1 h",
      "intensite": "4",
      "recuperation": "24h",
      "passesportif": "course a pieds / bad / natation "
    }
  ],
  "preference": [
    {
      "petitobjectif": "ventre plat / passé de 40 à 38 / amélioration du mal dos ",
      "preferenceactivite": "",
      "lieux": "",
      "equipement": ""
    }
  ],
  "mensurations": [],
  "entrainements": [
    {
      "date": "Lundi",
      "muscle1": "ischios",
      "muscle2": "fessiers",
      "nom": "Vélo",
      "series": "10min",
      "repetitions": "-",
      "repos": "-",
      "tempo": "-",
      "methode": "-",
      "sollicitation_articulaire": "cardio",
      "position": "assis",
      "prise": "",
      "materiel": "ergometre",
      "note": "Cardio début",
      "representation": "/representation_exo/Cardio_ergo/Velo.png",
      "isErgo": true,
      "temps_effort_options": [],
      "temps": "",
      "charge": ""
    },
    {
      "date": "Lundi",
      "muscle1": "ischios",
      "muscle2": "fessiers",
      "nom": "Soulevé de terre roumain",
      "series": "3",
      "repetitions": "12",
      "repos": "1min 30s",
      "tempo": "-",
      "methode": "-",
      "sollicitation_articulaire": "poly-articulaire",
      "position": "debout",
      "prise": "pronation",
      "materiel": "barre",
      "note": "-",
      "representation": "/representation_exo/Jambes/Ischios/Romanian_Deadlift.png",
      "isErgo": false,
      "temps_effort_options": [],
      "temps": "",
      "charge": "libre"
    },
    {
      "date": "Lundi",
      "muscle1": "ischios",
      "muscle2": "fessiers",
      "nom": "Leg Curl assis",
      "series": "3",
      "repetitions": "Voir methode",
      "repos": "1min 30s",
      "tempo": "-",
      "methode": "8/4/6 -> pump",
      "sollicitation_articulaire": "isolation",
      "position": "assis",
      "prise": "pieds",
      "materiel": "machine",
      "note": "-",
      "representation": "/representation_exo/Jambes/Ischios/Leg_curl_assis.png",
      "isErgo": false,
      "temps_effort_options": [],
      "temps": "",
      "charge": "guidée"
    },
    {
      "date": "Lundi",
      "muscle1": "ischios",
      "muscle2": "fessiers",
      "nom": "Leg Curl allongé",
      "series": "3",
      "repetitions": "15",
      "repos": "1min 0s",
      "tempo": "-",
      "methode": "-",
      "sollicitation_articulaire": "isolation",
      "position": "allongé",
      "prise": "pieds",
      "materiel": "machine",
      "note": "Unilatérale Altérner",
      "representation": "/representation_exo/Jambes/Ischios/Leg_curl_coucher.png",
      "isErgo": false,
      "temps_effort_options": [],
      "temps": "",
      "charge": "guidée"
    },
    {
      "date": "Lundi",
      "muscle1": "ischios",
      "muscle2": "fessiers",
      "nom": "Kick-back",
      "series": "3",
      "repetitions": "20/15/10",
      "repos": "1min 0s",
      "tempo": "-",
      "methode": "Dégressif",
      "sollicitation_articulaire": "isolation",
      "position": "debout",
      "prise": "pieds",
      "materiel": "machine",
      "note": "",
      "representation": "/representation_exo/Jambes/Fessiers/kick_back_poulie.png",
      "isErgo": false,
      "temps_effort_options": [],
      "temps": "",
      "charge": "guidée"
    },
    {
      "date": "Lundi",
      "muscle1": "ischios",
      "muscle2": "fessiers",
      "nom": "Hip thrust",
      "series": "3",
      "repetitions": "15",
      "repos": "1min 0s",
      "tempo": "-",
      "methode": "-",
      "sollicitation_articulaire": "poly-articulaire",
      "position": "assis",
      "prise": "barre sur hanches",
      "materiel": "barre",
      "note": "-",
      "representation": "/representation_exo/Jambes/Fessiers/Hip_trust_rack.png",
      "isErgo": false,
      "temps_effort_options": [],
      "temps": "",
      "charge": "libre"
    },
    {
      "date": "Lundi",
      "muscle1": "ischios",
      "muscle2": "fessiers",
      "nom": "Escalier",
      "series": "10min",
      "repetitions": "-",
      "repos": "-",
      "tempo": "-",
      "methode": "-",
      "sollicitation_articulaire": "cardio",
      "position": "debout",
      "prise": "",
      "materiel": "ergometre",
      "note": "Cardio fin",
      "representation": "/representation_exo/Cardio_ergo/Escalier.png",
      "isErgo": true,
      "temps_effort_options": [],
      "temps": "",
      "charge": ""
    },
    {
      "date": "Mercredi",
      "muscle1": "dos",
      "muscle2": "biceps",
      "muscle3": "triceps",
      "nom": "Elliptique",
      "series": "15min",
      "repetitions": "-",
      "repos": "-",
      "tempo": "-",
      "methode": "-",
      "sollicitation_articulaire": "-",
      "position": "debout",
      "prise": "-",
      "materiel": "ergometre",
      "note": "Cardio début",
      "representation": "/representation_exo/Cardio_ergo/Elliptique.png"
    },
    {
      "date": "Mercredi",
      "muscle1": "dos",
      "muscle2": "biceps",
      "muscle3": "triceps",
      "nom": "Tirage vertical machine",
      "series": "3",
      "repetitions": "15",
      "repos": "1min 0s",
      "tempo": "-",
      "methode": "-",
      "sollicitation_articulaire": "poly-articulaire",
      "position": "assis",
      "prise": "pronation",
      "materiel": "machine",
      "note": "-",
      "representation": "/representation_exo/Dos/Tirage_vertical_machine.png",
      "isErgo": false,
      "temps": "",
      "charge": "guidée"
    },
    {
      "date": "Mercredi",
      "muscle1": "dos",
      "muscle2": "biceps",
      "muscle3": "triceps",
      "nom": "Rowing machine",
      "series": "3",
      "repetitions": "15",
      "repos": "1min 0s",
      "tempo": "-",
      "methode": "-",
      "sollicitation_articulaire": "isolation",
      "position": "assis",
      "prise": "neutre",
      "materiel": "machine",
      "note": "Uni-latérale",
      "representation": "/representation_exo/Dos/Rowing_machine.jpeg",
      "isErgo": false,
      "temps": "",
      "charge": "guidée"
    },
    {
      "date": "Mercredi",
      "muscle1": "dos",
      "muscle2": "biceps",
      "muscle3": "triceps",
      "nom": "Pull over poulie",
      "series": "3",
      "repetitions": "Voir notes",
      "repos": "1min 30s",
      "tempo": "-",
      "methode": "8/4/6 -> pump",
      "sollicitation_articulaire": "isolation",
      "position": "debout",
      "prise": "pronation",
      "materiel": "poulie",
      "note": "voir méthode",
      "representation": "/representation_exo/Dos/Pull_over.jpeg"
    },
    {
      "date": "Mercredi",
      "muscle1": "dos",
      "muscle2": "biceps",
      "muscle3": "triceps",
      "nom": "Extension lombaire",
      "series": "3",
      "repetitions": "20",
      "repos": "1min 0s",
      "tempo": "-",
      "methode": "-",
      "sollicitation_articulaire": "isolation",
      "position": "penché",
      "prise": "largeur bassin",
      "materiel": "poids de corps",
      "note": "-",
      "representation": "/representation_exo/Lombaires/Extension_lombaire.jpeg",
      "isErgo": false,
      "temps": "",
      "charge": "guidée"
    },
    {
      "date": "Mercredi",
      "muscle1": "dos",
      "muscle2": "biceps",
      "muscle3": "triceps",
      "nom": "Curl barre",
      "series": "3",
      "repetitions": "15",
      "repos": "0s",
      "tempo": "-",
      "methode": "Super-set",
      "sollicitation_articulaire": "isolation",
      "position": "debout",
      "prise": "supination",
      "materiel": "barre",
      "note": "-",
      "representation": "/representation_exo/Bras/Biceps/Curl_barre.png"
    },
    {
      "date": "Mercredi",
      "muscle1": "dos",
      "muscle2": "biceps",
      "muscle3": "triceps",
      "nom": "Extension nuque haltère",
      "series": "3",
      "repetitions": "15",
      "repos": "45s",
      "tempo": "-",
      "methode": "Super-set",
      "sollicitation_articulaire": "isolation",
      "position": "assis",
      "prise": "neutre",
      "materiel": "haltère",
      "note": "-",
      "representation": "/representation_exo/Bras/Triceps/Extension_nuque_haltere.png",
      "isErgo": false,
      "temps": "",
      "charge": "libre"
    },
    {
      "date": "Mercredi",
      "muscle1": "dos",
      "muscle2": "biceps",
      "muscle3": "triceps",
      "nom": "Curl à la poulie basse",
      "series": "3",
      "repetitions": "15",
      "repos": "0s",
      "tempo": "-",
      "methode": "Super-set",
      "sollicitation_articulaire": "isolation",
      "position": "debout",
      "prise": "supination",
      "materiel": "poulie",
      "note": "-",
      "representation": "/representation_exo/Bras/Biceps/Poulie_basse.png",
      "isErgo": false,
      "temps": "",
      "charge": "guidée"
    },
    {
      "date": "Mercredi",
      "muscle1": "dos",
      "muscle2": "biceps",
      "muscle3": "triceps",
      "nom": "Extension poulie haute",
      "series": "3",
      "repetitions": "15",
      "repos": "45s",
      "tempo": "-",
      "methode": "Super-set",
      "sollicitation_articulaire": "isolation",
      "position": "debout",
      "prise": "pronation",
      "materiel": "poulie",
      "note": "-",
      "representation": "/representation_exo/Bras/Triceps/Poulie_haute.png"
    },
    {
      "date": "Mercredi",
      "muscle1": "dos",
      "muscle2": "biceps",
      "muscle3": "triceps",
      "nom": "Escalier",
      "series": "5min",
      "repetitions": "-",
      "repos": "-",
      "tempo": "-",
      "methode": "-",
      "sollicitation_articulaire": "-",
      "position": "debout",
      "prise": "-",
      "materiel": "ergometre",
      "note": "Cardio début",
      "representation": "/representation_exo/Cardio_ergo/Escalier.png"
    },
    {
      "date": "Jeudi",
      "muscle1": "quadriceps",
      "muscle2": "ischios",
      "nom": "Escalier",
      "series": "5min",
      "repetitions": "-",
      "repos": "-",
      "tempo": "-",
      "methode": "-",
      "sollicitation_articulaire": "-",
      "position": "debout",
      "prise": "-",
      "materiel": "ergometre",
      "note": "Cardio début",
      "representation": "/representation_exo/Cardio_ergo/Escalier.png"
    },
    {
      "date": "Jeudi",
      "muscle1": "quadriceps",
      "muscle2": "ischios",
      "nom": "Leg extension",
      "series": "3",
      "repetitions": "20",
      "repos": "1min 0s",
      "tempo": "-",
      "methode": "-",
      "sollicitation_articulaire": "isolation",
      "position": "assis",
      "prise": "pieds",
      "materiel": "machine",
      "note": "-",
      "representation": "/representation_exo/Jambes/Quadri/Leg_extension.png",
      "isErgo": false,
      "temps": "",
      "charge": "guidée"
    },
    {
      "date": "Jeudi",
      "muscle1": "quadriceps",
      "muscle2": "ischios",
      "nom": "Squat",
      "series": "3",
      "repetitions": "12",
      "repos": "1min 0s",
      "tempo": "-",
      "methode": "-",
      "sollicitation_articulaire": "poly-articulaire",
      "position": "debout",
      "prise": "barre sur trapèzes",
      "materiel": "barre",
      "note": "-",
      "representation": "/representation_exo/Jambes/Quadri/Squat.png",
      "isErgo": false,
      "temps": "",
      "charge": "libre"
    },
    {
      "date": "Jeudi",
      "muscle1": "quadriceps",
      "muscle2": "ischios",
      "nom": "Presse à cuisses",
      "series": "3",
      "repetitions": "15",
      "repos": "1min 0s",
      "tempo": "-",
      "methode": "-",
      "sollicitation_articulaire": "poly-articulaire",
      "position": "assis",
      "prise": "pieds à plat",
      "materiel": "machine",
      "note": "-",
      "representation": "/representation_exo/Jambes/Quadri/Leg_Press.png",
      "isErgo": false,
      "temps": "",
      "charge": "guidée"
    },
    {
      "date": "Jeudi",
      "muscle1": "quadriceps",
      "muscle2": "ischios",
      "nom": "Leg Curl assis",
      "series": "3",
      "repetitions": "15",
      "repos": "1min 0s",
      "tempo": "-",
      "methode": "-",
      "sollicitation_articulaire": "isolation",
      "position": "assis",
      "prise": "pieds",
      "materiel": "machine",
      "note": "-",
      "representation": "/representation_exo/Jambes/Ischios/Leg_curl_assis.png"
    },
    {
      "date": "Jeudi",
      "muscle1": "quadriceps",
      "muscle2": "ischios",
      "nom": "Leg Curl allongé",
      "series": "3",
      "repetitions": "15",
      "repos": "1min 0s",
      "tempo": "-",
      "methode": "-",
      "sollicitation_articulaire": "isolation",
      "position": "allongé",
      "prise": "pieds",
      "materiel": "machine",
      "note": "-",
      "representation": "/representation_exo/Jambes/Ischios/Leg_curl_coucher.png"
    },
    {
      "date": "Jeudi",
      "muscle1": "quadriceps",
      "muscle2": "ischios",
      "nom": "Hip thrust",
      "series": "3",
      "repetitions": "20",
      "repos": "1min 0s",
      "tempo": "-",
      "methode": "-",
      "sollicitation_articulaire": "poly-articulaire",
      "position": "assis",
      "prise": "barre sur hanches",
      "materiel": "barre",
      "note": "-",
      "representation": "/representation_exo/Jambes/Fessiers/Hip_trust_rack.png"
    },
    {
      "date": "Jeudi",
      "muscle1": "quadriceps",
      "muscle2": "ischios",
      "nom": "Escalier",
      "series": "5min",
      "repetitions": "-",
      "repos": "-",
      "tempo": "-",
      "methode": "-",
      "sollicitation_articulaire": "cardio",
      "position": "debout",
      "prise": "",
      "materiel": "ergometre",
      "note": "Cardio fin",
      "representation": "/representation_exo/Cardio_ergo/Escalier.png",
      "isErgo": true,
      "temps": "",
      "charge": ""
    }
  ],
  "performances": [
    {
      "id": "2e7e4318-fb72-4c22-afb5-d40212307e42",
      "jourS": "Lundi",
      "nom": "Vélo",
      "series": "15min",
      "reps": "-",
      "charges": []
    },
    {
      "id": "920d27aa-23a8-49f1-93ce-3ca6fc111209",
      "jourS": "Lundi",
      "nom": "Soulevé de terre roumain",
      "series": "3",
      "reps": "12",
      "charges": []
    },
    {
      "id": "72704238-87b8-4ba4-a027-ebe41133ecf9",
      "jourS": "Lundi",
      "nom": "Leg Curl assis",
      "series": "3",
      "reps": "8",
      "charges": []
    },
    {
      "id": "2e1a93f7-932c-4d86-8087-f0fa5b885fb3",
      "jourS": "Lundi",
      "nom": "Leg Curl allongé",
      "series": "3",
      "reps": "15",
      "charges": []
    },
    {
      "id": "8fe89e6b-46ba-49e7-9c84-9c2fc1e4b400",
      "jourS": "Lundi",
      "nom": "Kick-back",
      "series": "3",
      "reps": "20",
      "charges": []
    },
    {
      "id": "8c4b61f8-2877-45f3-aa6a-a631852b303d",
      "jourS": "Lundi",
      "nom": "Hip thrust",
      "series": "3",
      "reps": "15",
      "charges": []
    },
    {
      "id": "c307f533-21db-4fe5-b367-15c1c75eb3d3",
      "jourS": "Lundi",
      "nom": "Escalier",
      "series": "10min",
      "reps": "-",
      "charges": []
    },
    {
      "id": "d6998f5c-9ac2-47dd-ad27-d9981c5f6379",
      "jourS": "Mercredi",
      "nom": "Elliptique",
      "series": "15min",
      "reps": "-",
      "charges": []
    },
    {
      "id": "f318f361-00da-4373-82c9-109156cf8975",
      "jourS": "Mercredi",
      "nom": "Tirage vertical machine",
      "series": "3",
      "reps": "15",
      "charges": []
    },
    {
      "id": "6c147482-3c47-438e-866f-50140bfbf1f7",
      "jourS": "Mercredi",
      "nom": "Rowing machine",
      "series": "3",
      "reps": "15",
      "charges": []
    },
    {
      "id": "d2cdb642-9bcc-49ec-a57d-f79b7fef6645",
      "jourS": "Mercredi",
      "nom": "Pull over poulie",
      "series": "3",
      "reps": "Voir notes",
      "charges": []
    },
    {
      "id": "0609694f-91af-445a-93c8-66af4691e6b7",
      "jourS": "Mercredi",
      "nom": "Extension lombaire",
      "series": "3",
      "reps": "20",
      "charges": []
    },
    {
      "id": "2abee9f4-4a61-40b3-9a1d-6fd944796267",
      "jourS": "Mercredi",
      "nom": "Curl barre",
      "series": "3",
      "reps": "15",
      "charges": []
    },
    {
      "id": "58b552d7-dfff-4087-98e4-b67e47a8ed5a",
      "jourS": "Mercredi",
      "nom": "Extension nuque haltère",
      "series": "3",
      "reps": "15",
      "charges": []
    },
    {
      "id": "94a08bc7-ac62-4ee2-90fa-7900db29870b",
      "jourS": "Mercredi",
      "nom": "Curl à la poulie basse",
      "series": "3",
      "reps": "15",
      "charges": []
    },
    {
      "id": "53da62c5-523d-4d54-8632-0e6f4340ce82",
      "jourS": "Mercredi",
      "nom": "Extension poulie haute",
      "series": "3",
      "reps": "15",
      "charges": []
    },
    {
      "id": "9d370362-0a39-4920-9433-d0cf213a33ab",
      "jourS": "Mercredi",
      "nom": "Vélo",
      "series": "15min",
      "reps": "-",
      "charges": []
    },
    {
      "id": "9b31f3be-4f92-4048-a42d-f3ab3375527a",
      "jourS": "Jeudi",
      "nom": "Escalier",
      "series": "5min",
      "reps": "-",
      "charges": []
    },
    {
      "id": "3b1f0e60-8d7f-4a62-90d7-c478ecd5b5c4",
      "jourS": "Jeudi",
      "nom": "Extension des jambes",
      "series": "3",
      "reps": "20",
      "charges": []
    },
    {
      "id": "569165b8-f3b2-474b-bb95-e0a15decba0d",
      "jourS": "Jeudi",
      "nom": "Squat",
      "series": "3",
      "reps": "12",
      "charges": []
    },
    {
      "id": "faaead79-44d6-46d9-9675-1df6ef1753f4",
      "jourS": "Jeudi",
      "nom": "Presse à cuisses",
      "series": "3",
      "reps": "15",
      "charges": []
    },
    {
      "id": "ab8bf1ea-7540-4d20-b128-6347ee1705e8",
      "jourS": "Jeudi",
      "nom": "Leg Curl assis",
      "series": "3",
      "reps": "15",
      "charges": []
    },
    {
      "id": "681fdcbc-a174-4557-97c6-dfe0378efeee",
      "jourS": "Jeudi",
      "nom": "Leg Curl allongé",
      "series": "3",
      "reps": "15",
      "charges": []
    },
    {
      "id": "7a43e61b-2492-4891-9632-ef0b3e96c9b1",
      "jourS": "Jeudi",
      "nom": "Hip thrust",
      "series": "3",
      "reps": "20",
      "charges": []
    },
    {
      "id": "43656359-78b5-42e0-b2c0-d2035413f242",
      "jourS": "Jeudi",
      "nom": "Escalier",
      "series": "5min",
      "reps": "-",
      "charges": []
    }
  ],
  "dietes": [
    {
      "id": "1749847704581",
      "date": "2025-06-13T20:48:24.571Z",
      "kcalObjectif": 1579,
      "repas": {
        "matin": [
          {
            "nom": "Flocon d’avoine",
            "quantite": "30",
            "glu": 17.7,
            "prot": 3.6,
            "lip": 3,
            "fib": 2.1,
            "cal": 110.7,
            "prix": 0.05399999999999999,
            "url": "https://www.auchan.fr/auchan-flocons-d-avoine/pr-C1259480",
            "id": "6ee36021-a0ee-40ce-b2b1-09090c64b9bb"
          },
          {
            "nom": "Oeuf",
            "quantite": "120",
            "glu": 0.6,
            "prot": 15.6,
            "lip": 12,
            "fib": 0,
            "cal": 168,
            "prix": 0.21599999999999997,
            "remarques": "Repère de calcul !! -> 1 oeuf = 100g (réellement 1 oeuf = 60g) / Riches en oméga 3, cuisson coulante",
            "url": "https://www.auchan.fr/pouce-oeufs-de-poules/pr-C1608829",
            "id": "bb0c8880-3310-4dac-9a9e-f4639c187b93"
          },
          {
            "nom": "Noix de cajou",
            "quantite": "8",
            "glu": 1.584,
            "prot": 1.64,
            "lip": 3.8080000000000003,
            "fib": 0.41600000000000004,
            "cal": 48,
            "prix": 0.11199999999999999,
            "remarques": "",
            "url": "https://www.auchan.fr/auchan-noix-de-cajou-grillees-sans-sel-ajoute/pr-C1239667",
            "id": "e79477ad-abf8-47d0-99e6-a18d00405cf1"
          },
          {
            "nom": "Framboise (surgelé)",
            "quantite": "50",
            "glu": 3.3,
            "prot": 0.9,
            "lip": 0.25,
            "fib": 4.9,
            "cal": 29,
            "prix": 0.565,
            "remarques": "",
            "url": "https://www.auchan.fr/auchan-framboises-surgelees-fruits-entiers/pr-C1173769",
            "id": "f2f979b9-44b7-4e6a-b298-fd329ce1dcb1"
          },
          {
            "nom": "Thé vert",
            "quantite": "",
            "glu": 0,
            "prot": 0,
            "lip": 0,
            "fib": 0,
            "cal": 0,
            "prix": 0,
            "remarque": "",
            "remarques": "1 sachet = 1,6g",
            "url": "https://www.auchan.fr/auchan-the-vert-a-la-menthe/pr-C1334089"
          },
          {
            "nom": "Oméga 3",
            "quantite": "2",
            "glu": 0.01,
            "prot": 0,
            "lip": 0.02,
            "fib": 0,
            "cal": 0,
            "prix": 0.002,
            "remarque": "",
            "remarques": "",
            "url": "https://www.prozis.com/fr/fr/prozis/omega-3-360-softgels"
          },
          {
            "nom": "Q10",
            "quantite": "1",
            "glu": 0,
            "prot": 0,
            "lip": 0,
            "fib": 0,
            "cal": 0,
            "prix": 0.0022,
            "remarque": "",
            "remarques": "",
            "url": "https://www.prozis.com/fr/fr/prozis/coenzyme-q10-60-capsules-molles"
          },
          {
            "nom": "Vitamines D",
            "quantite": "1",
            "glu": 0,
            "prot": 0,
            "lip": 0,
            "fib": 0,
            "cal": 0,
            "prix": 0.0005,
            "remarque": "",
            "remarques": "",
            "url": "https://www.prozis.com/fr/fr/prozis/vitamin-d3-360-softgels"
          },
          {
            "nom": "Zinc",
            "quantite": "1",
            "glu": 0,
            "prot": 0,
            "lip": 0,
            "fib": 0,
            "cal": 0,
            "prix": 0.001,
            "remarque": "",
            "remarques": "",
            "url": "https://www.prozis.com/fr/fr/prozis/gluconate-de-zinc-120-mg-120-comprimes"
          }
        ],
        "collation_matin": [
          {
            "nom": "Pain de mie complet",
            "quantite": "40",
            "glu": 17.6,
            "prot": 3.2,
            "lip": 2.6,
            "fib": 1.88,
            "cal": 105.2,
            "prix": 0.10800000000000001,
            "remarques": "1 tranche = 40g",
            "url": "https://www.auchan.fr/auchan-pain-de-mie-complet-avec-croute-special-sandwich/pr-C1198225",
            "id": "9620d298-0d06-469d-9823-2e57f9ace8e6"
          },
          {
            "nom": "Beurre de cacahuète",
            "quantite": "10",
            "glu": 1.1,
            "prot": 2.6,
            "lip": 5.2,
            "fib": 0.72,
            "cal": 63,
            "prix": 0.14,
            "remarques": "Riche en magnésium, vitamine E",
            "id": "e6c7d99d-a0d4-4395-be20-d43a7010510d",
            "url": "https://www.prozis.com/fr/fr/prozis/beurre-de-cacahouete-1000-g"
          },
          {
            "nom": "Skyr",
            "quantite": "100",
            "glu": 3.2,
            "prot": 9.7,
            "lip": 0.5,
            "fib": 0.5,
            "cal": 56,
            "prix": 0.57,
            "remarques": "",
            "url": "https://www.auchan.fr/yoplait-skyr-nature-0-recette-islandaise/pr-C1461694",
            "id": "00902681-5e17-424d-a371-23b988356e6c"
          },
          {
            "nom": "Pomme",
            "quantite": "120",
            "glu": 14.04,
            "prot": 0.36,
            "lip": 0.36,
            "fib": 3,
            "cal": 66,
            "prix": 0.3,
            "remarques": "1 = 120g",
            "id": "b16ec7cc-1b2d-4c33-87fa-4b521f9afc7c",
            "url": "https://www.auchan.fr/pommes-granny/pr-C1349594"
          }
        ],
        "midi": [
          {
            "titre": "Variante 1",
            "lignes": [
              {
                "nom": "Pâtes complètes",
                "quantite": "40",
                "glu": 25.6,
                "prot": 4.8,
                "lip": 3.2,
                "fib": 1.12,
                "cal": 137.2,
                "prix": 0.084,
                "remarques": "A peser cru",
                "url": "https://www.auchan.fr/auchan-penne-rigate-au-ble-complet/pr-C1600528",
                "id": "85eba3ae-96e5-4611-9fbe-5f077794ab81"
              },
              {
                "nom": "Thon",
                "quantite": "100",
                "glu": 0,
                "prot": 25,
                "lip": 0.5,
                "fib": 0,
                "cal": 105,
                "prix": 0.62,
                "remarques": "",
                "url": "https://www.auchan.fr/auchan-cultivons-le-bon-thon-listao-au-naturel/pr-C1616830",
                "id": "3d810100-87df-4cd0-ab2a-97deacb4bf11"
              },
              {
                "nom": "Haricots (surgelé)",
                "quantite": "150",
                "glu": 5.85,
                "prot": 3,
                "lip": 0.3,
                "fib": 4.65,
                "cal": 48,
                "prix": 0.81,
                "remarques": "à volonté",
                "url": "https://www.auchan.fr/auchan-haricots-verts-extra-fins/pr-C1178355",
                "id": "cf25ad84-e55a-4326-a2db-9eb5ca552c5d"
              },
              {
                "nom": "Huile de sésame",
                "quantite": "5",
                "glu": 0.025,
                "prot": 0.025,
                "lip": 5,
                "fib": 0.025,
                "cal": 45,
                "prix": 0.17350000000000002,
                "remarques": "Cuisson à froid",
                "url": "https://www.auchan.fr/cauvin-huile-vierge-de-sesame-bio-pressee-a-froid/pr-C1227574",
                "id": "aa74e1af-19e0-46d0-ab20-4510eff67bc7"
              },
              {
                "nom": "Oméga 3",
                "quantite": "1",
                "glu": 0.005,
                "prot": 0,
                "lip": 0.01,
                "fib": 0,
                "cal": 0,
                "prix": 0.001,
                "remarque": "",
                "remarques": "",
                "url": "https://www.prozis.com/fr/fr/prozis/omega-3-360-softgels"
              }
            ]
          },
          {
            "titre": "Variante 2",
            "lignes": [
              {
                "nom": "Riz basmati",
                "quantite": "40",
                "glu": 10,
                "prot": 1.4,
                "lip": 0.32,
                "fib": 0.16,
                "cal": 47.2,
                "prix": 0.14,
                "remarques": "A peser cru",
                "url": "https://www.auchan.fr/auchan-riz-basmati-pret-en-11-min/pr-C1240661",
                "id": "5fb11508-b4c6-4f7f-a223-5d95845090a2"
              },
              {
                "nom": "Oeuf",
                "quantite": "120",
                "glu": 0.6,
                "prot": 15.6,
                "lip": 12,
                "fib": 0,
                "cal": 168,
                "prix": 0.21599999999999997,
                "remarques": "Repère de calcul !! -> 1 oeuf = 100g (réellement 1 oeuf = 60g) / Riches en oméga 3, cuisson coulante",
                "id": "e78110e8-2c79-4bde-ac04-ab2d4c12a69d",
                "url": "https://www.auchan.fr/pouce-oeufs-de-poules/pr-C1608829"
              },
              {
                "nom": "Tomate",
                "quantite": "100",
                "glu": 4.6,
                "prot": 0.9,
                "lip": 0.3,
                "fib": 1.2,
                "cal": 21,
                "prix": 0.6,
                "remarques": "",
                "id": "f7df83a9-54ac-40ab-bea7-968ef3f52e71",
                "url": "https://www.auchan.fr/tomates-rondes-prix-bas/pr-C1508608"
              },
              {
                "nom": "Huile d’olive",
                "quantite": "5",
                "glu": 0.015,
                "prot": 0.015,
                "lip": 5,
                "fib": 0.015,
                "cal": 45,
                "prix": 0.06,
                "remarques": "Cuisson moyenne température",
                "url": "https://www.auchan.fr/auchan-huile-d-olive-vierge-extra-origine-espagne/pr-C1227331",
                "id": "2cf75299-9e74-4000-9657-59ba8f054877"
              },
              {
                "nom": "Oméga 3",
                "quantite": "1",
                "glu": 0.005,
                "prot": 0,
                "lip": 0.01,
                "fib": 0,
                "cal": 0,
                "prix": 0.001,
                "remarque": "",
                "remarques": "",
                "url": "https://www.prozis.com/fr/fr/prozis/omega-3-360-softgels"
              }
            ]
          },
          {
            "titre": "Variante 3",
            "lignes": [
              {
                "nom": "Patate douce",
                "quantite": "70",
                "glu": 8.54,
                "prot": 1.19,
                "lip": 2.03,
                "fib": 0.14,
                "cal": 44.1,
                "prix": 0.175,
                "remarques": "A peser cru",
                "id": "55a51995-94c9-4122-a146-1da96f00d395",
                "url": "https://www.auchan.fr/patates-douces/pr-C1350631"
              },
              {
                "nom": "Poulet",
                "quantite": "120",
                "glu": 0,
                "prot": 28.32,
                "lip": 0.84,
                "fib": 0,
                "cal": 122.4,
                "prix": 0.8639999999999999,
                "remarques": "Maigre en matière grasse",
                "id": "87c95bdb-4b13-49fc-9895-be769685270a",
                "url": "https://www.auchan.fr/prix-bas-filets-de-poulet-blanc/pr-C1163407"
              },
              {
                "nom": "Brocolis (surgelé)",
                "quantite": "150",
                "glu": 10.5,
                "prot": 4.2,
                "lip": 0.6,
                "fib": 3.9,
                "cal": 51,
                "prix": 0.375,
                "remarques": "Riche en vitamine C et magnésium",
                "id": "ef35a2af-4f40-4f4c-9df8-b662f07ab2ee",
                "url": "https://www.auchan.fr/auchan-deja-cuit-brocolis-en-fleurettes/pr-C1457650"
              },
              {
                "nom": "Avocats",
                "quantite": "130",
                "glu": 1.04,
                "prot": 2.08,
                "lip": 26.78,
                "fib": 4.68,
                "cal": 266.5,
                "prix": 0.949,
                "remarques": "1 demi Avocats",
                "id": "dbd3561d-245c-4b83-ade2-9d196a4b2161",
                "url": "https://www.auchan.fr/avocat/pr-C1348527"
              },
              {
                "nom": "Oméga 3",
                "quantite": "1",
                "glu": 0.005,
                "prot": 0,
                "lip": 0.01,
                "fib": 0,
                "cal": 0,
                "prix": 0.001,
                "remarque": "",
                "remarques": "ok",
                "url": "https://www.prozis.com/fr/fr/prozis/omega-3-360-softgels"
              }
            ]
          }
        ],
        "collation_aprem": [
          {
            "nom": "Pomme pote",
            "quantite": "90",
            "glu": 10.8,
            "prot": 0.45,
            "lip": 1.17,
            "fib": 0.54,
            "cal": 51.3,
            "prix": 0.414,
            "remarques": "1 = 90g",
            "id": "f0367859-d495-4d83-9798-53433ac238e4",
            "url": "https://www.auchan.fr/pom-potes-gourdes-compote-pomme-nature-sans-sucres-ajoutes/pr-C1261226"
          },
          {
            "nom": "100% Whey gold muscle tech",
            "quantite": "30",
            "glu": 1.83,
            "prot": 21.81,
            "lip": 2.28,
            "fib": 0,
            "cal": 118.17,
            "prix": 0.9209999999999999,
            "remarques": "",
            "id": "b2565fa4-87e2-4263-a129-8604ed6cfb8e",
            "url": "https://www.zumub.com/FR/lactoserum/nitro-tech-100-whey-gold-2-49kg"
          },
          {
            "nom": "Pistache",
            "quantite": "10",
            "glu": 1.86,
            "prot": 2.17,
            "lip": 4.74,
            "fib": 1.01,
            "cal": 61.7,
            "prix": 0.195,
            "remarques": "",
            "id": "e85ab28a-5603-4ce9-9220-8eac74260028",
            "url": "https://www.auchan.fr/auchan-pistaches-grillees-non-salees/pr-C1320723"
          },
          {
            "nom": "Abricot",
            "quantite": "100",
            "glu": 11,
            "prot": 1.4,
            "lip": 0.4,
            "fib": 2,
            "cal": 48,
            "prix": 0.87,
            "remarques": "",
            "id": "7ae257ee-dd1c-4815-995b-a046cecabe9e",
            "url": "https://www.auchan.fr/auchan-abricots-moelleux-denoyautes/pr-C1184833"
          }
        ],
        "post_training": [
          {
            "nom": "Peptide de collagène",
            "quantite": "30",
            "glu": 0.3,
            "prot": 25.5,
            "lip": 0,
            "fib": 0,
            "cal": 108.24,
            "prix": 1.332,
            "remarques": "",
            "id": "84cd9c66-02f7-4b03-a887-81cc0ff06c44",
            "url": "https://www.prozis.com/fr/fr/prozis/peptiplus-proteine-de-collagene-hydrolyse-900-g"
          },
          {
            "nom": "Q10",
            "quantite": "1",
            "glu": 0,
            "prot": 0,
            "lip": 0,
            "fib": 0,
            "cal": 0,
            "prix": 0.0022,
            "remarques": "",
            "id": "79e2c201-8ecf-41c7-bc34-cda9f3e099d8",
            "url": "https://www.prozis.com/fr/fr/prozis/coenzyme-q10-60-capsules-molles"
          },
          {
            "nom": "Vitamines C",
            "quantite": "1",
            "glu": 0,
            "prot": 0,
            "lip": 0,
            "fib": 0,
            "cal": 0,
            "prix": 0.0009,
            "remarques": "500mg",
            "id": "019692c9-0a78-442f-94ba-bf5df847ef7d",
            "url": "https://www.prozis.com/fr/fr/prozis/vitamin-c-1000-mg-rose-hip-360-tabs"
          },
          {
            "nom": "Ashwagandha",
            "quantite": "1",
            "glu": 0,
            "prot": 0,
            "lip": 0,
            "fib": 0,
            "cal": 0,
            "prix": 0.0013,
            "remarques": "",
            "id": "372c52df-7467-48f7-af44-654270f14577",
            "url": "https://www.prozis.com/fr/fr/prozis/extrait-dashwagandha-450-mg-90-veg-caps"
          },
          {
            "nom": "Magnésium bisglycinate",
            "quantite": "1",
            "glu": 0,
            "prot": 0,
            "lip": 0,
            "fib": 0,
            "cal": 0,
            "prix": 0.0022,
            "remarque": "",
            "remarques": "",
            "url": "https://www.prozis.com/fr/fr/prozis/albion-magnesium-bisglycinate-60-veg-caps"
          }
        ],
        "soir": [
          {
            "titre": "Variante 1",
            "lignes": [
              {
                "nom": "Brocolis (surgelé)",
                "quantite": "150",
                "glu": 10.5,
                "prot": 4.2,
                "lip": 0.6,
                "fib": 3.9,
                "cal": 51,
                "prix": 0.375,
                "remarques": "Riche en vitamine C et magnésium",
                "id": "f3c81936-b3c0-460a-abf5-528be69de931",
                "url": "https://www.auchan.fr/auchan-deja-cuit-brocolis-en-fleurettes/pr-C1457650"
              },
              {
                "nom": "Saumon",
                "quantite": "80",
                "glu": 0.64,
                "prot": 16.8,
                "lip": 9.6,
                "fib": 0.4,
                "cal": 161.6,
                "prix": 1.9039999999999997,
                "remarques": "Poisson gras",
                "id": "e3d4bd2c-82cf-43f9-a4ce-e960a523cc6d",
                "url": "https://www.auchan.fr/auchan-paves-de-saumon-d-atlantique-sans-peau-et-sans-aretes/pr-C1173611"
              },
              {
                "nom": "Poire",
                "quantite": "120",
                "glu": 13.08,
                "prot": 0.6,
                "lip": 0.36,
                "fib": 3.48,
                "cal": 68.4,
                "prix": 0.48,
                "remarques": "",
                "id": "c7ebc649-31c1-445c-add0-7a323ab7fd3c",
                "url": "https://www.auchan.fr/poires-mures-a-point/pr-C1348590"
              },
              {
                "nom": "Mélatonine",
                "quantite": "1",
                "glu": 0,
                "prot": 0,
                "lip": 0,
                "fib": 0,
                "cal": 0,
                "prix": 0.0011,
                "remarques": "Pas obligatoir",
                "url": "https://www.prozis.com/fr/fr/prozis/melatonine-19-mg-90-gelules",
                "id": "c69db601-8a56-4716-b60b-82a97f570b03"
              }
            ]
          },
          {
            "titre": "Variante 2",
            "lignes": [
              {
                "nom": "Ratatouille (surgelé)",
                "quantite": "150",
                "glu": 6.9,
                "prot": 2.1,
                "lip": 4.95,
                "fib": 2.55,
                "cal": 85.5,
                "prix": 0.57,
                "remarques": "",
                "id": "863ca9b6-ba10-4714-a64d-30199f7a9f03",
                "url": "https://www.auchan.fr/auchan-ratatouille-cuisinee/pr-C1177577"
              },
              {
                "nom": "Sardine",
                "quantite": "100",
                "glu": 0,
                "prot": 22,
                "lip": 9.5,
                "fib": 0,
                "cal": 163,
                "prix": 1.06,
                "remarques": "",
                "id": "aa3679e4-2d7f-44ba-b964-d7423ccd114e",
                "url": "https://www.auchan.fr/auchan-sardines-au-citron-et-basilic-sans-huile/pr-C1227150"
              },
              {
                "nom": "Pêche",
                "quantite": "100",
                "glu": 9.8,
                "prot": 0.7,
                "lip": 0.2,
                "fib": 1,
                "cal": 46.3,
                "prix": 0.36,
                "remarques": "",
                "id": "8ef50255-1a9f-4b5b-84f0-dfeffb7d41e2",
                "url": "https://www.auchan.fr/auchan-peches-demi-fruits-au-sirop-leger/pr-C1158162"
              },
              {
                "nom": "Mélatonine",
                "quantite": "1",
                "glu": 0,
                "prot": 0,
                "lip": 0,
                "fib": 0,
                "cal": 0,
                "prix": 0.0011,
                "remarques": "Pas obligatoire ",
                "id": "c4363120-f7d7-4e70-87e4-32fe6b5f30d0",
                "url": "https://www.prozis.com/fr/fr/prozis/melatonine-19-mg-90-gelules"
              }
            ]
          },
          {
            "titre": "Variante 3",
            "lignes": [
              {
                "nom": "Epinard (surgelé)",
                "quantite": "150",
                "glu": 3.6,
                "prot": 5.1,
                "lip": 0.3,
                "fib": 4.05,
                "cal": 48,
                "prix": 0.21000000000000005,
                "remarques": "",
                "id": "f2d18af3-4448-433b-9afb-59c693066662",
                "url": "https://www.auchan.fr/auchan-epinards-haches/pr-C1178255"
              },
              {
                "nom": "Colin",
                "quantite": "100",
                "glu": 0,
                "prot": 17,
                "lip": 0.4,
                "fib": 0,
                "cal": 78,
                "prix": 0.65,
                "remarques": "",
                "id": "21cc9ca3-c50b-479d-8ec7-2997ee15cdbf",
                "url": "https://www.auchan.fr/auchan-essentiel-filet-de-colin-d-alaska-sans-arete/pr-C1177748"
              },
              {
                "nom": "Abricot",
                "quantite": "100",
                "glu": 11,
                "prot": 1.4,
                "lip": 0.4,
                "fib": 2,
                "cal": 48,
                "prix": 0.87,
                "remarques": "",
                "id": "aa714042-f08b-4dcf-9502-cbbe84706479",
                "url": "https://www.auchan.fr/auchan-abricots-moelleux-denoyautes/pr-C1184833"
              },
              {
                "nom": "Mélatonine",
                "quantite": "1",
                "glu": 0,
                "prot": 0,
                "lip": 0,
                "fib": 0,
                "cal": 0,
                "prix": 0.0011,
                "remarques": "Pas obligatoire ",
                "id": "9b678b78-00af-4c5f-9d68-da1f2e4d8d91",
                "url": "https://www.prozis.com/fr/fr/prozis/melatonine-19-mg-90-gelules"
              }
            ]
          }
        ],
        "avant_coucher": [
          {
            "nom": "Limite calorique atteinte pour glu",
            "quantite": "-",
            "glu": "-",
            "prot": "-",
            "lip": "-",
            "fib": "-",
            "cal": "-",
            "prix": "-",
            "remarques": "_",
            "id": "6b571bfa-4ef2-49c9-966c-fdb7e7b938ef"
          },
          {
            "nom": "Aucun aliment disponible pour prot",
            "quantite": "-",
            "glu": "-",
            "prot": "-",
            "lip": "-",
            "fib": "-",
            "cal": "-",
            "prix": "-",
            "remarques": "_",
            "id": "e61b1208-ff7b-44b7-b6e5-dcf308ad575b"
          },
          {
            "nom": "Limite calorique atteinte pour lip",
            "quantite": "-",
            "glu": "-",
            "prot": "-",
            "lip": "-",
            "fib": "-",
            "cal": "-",
            "prix": "-",
            "remarques": "_",
            "id": "20ef594d-4845-4939-af46-872021ee700c"
          },
          {
            "nom": "Aucun aliment disponible pour fib",
            "quantite": "-",
            "glu": "-",
            "prot": "-",
            "lip": "-",
            "fib": "-",
            "cal": "-",
            "prix": "-",
            "remarques": "_",
            "id": "9f0bc224-90a5-4a94-83f2-38f6fd1e46e8"
          }
        ]
      }
    }
  ]
}